subway_station_code,subway_station_name,line,external_code,cyber_station,x_coordinate,y_coordinate,x_xgs,y_xgs
2818,가락시장,8,817,2818,525992.0,1108579.0,37.492521999999994,127.11823400000002
340,가락시장,3,350,2818,525992.0,1108579.0,37.492521999999994,127.11823400000002
2535,종로3가,5,534,153,498060.0,1130332.0,37.571607,126.99180600000001
319,종로3가,3,329,153,498060.0,1130332.0,37.571607,126.99180600000001
153,종로3가,1,130,153,498060.0,1130332.0,37.571607,126.99180600000001
2558,오금,5,P552,2558,528137.0,1111147.0,37.502162,127.128111
342,오금,3,352,2558,528137.0,1111147.0,37.502162,127.128111
155,동대문,1,128,155,502155.0,1130180.0,37.57142,127.009745
421,동대문,4,421,155,502155.0,1130180.0,37.57142,127.009745
2537,동대문역사문화공원,5,536,205,501555.0,1128600.0,37.565138,127.007896
205,동대문역사문화공원,2,205,205,501555.0,1128600.0,37.565138,127.007896
422,동대문역사문화공원,4,422,205,501555.0,1128600.0,37.565138,127.007896
321,충무로,3,331,321,498550.0,1127582.0,37.561243,126.99428
423,충무로,4,423,321,498550.0,1127582.0,37.561243,126.99428
1291,서울,A,A01,150,493365.0,1125595.0,37.554648,126.972559
150,서울,1,133,150,493365.0,1125595.0,37.554648,126.972559
426,서울,4,426,150,493365.0,1125595.0,37.554648,126.972559
234,신도림,2,234,234,475755.0,1112937.0,37.508725,126.891295
1007,신도림,1,140,234,475755.0,1112937.0,37.508725,126.891295
1008,이촌,K,K111,430,494107.0,1116637.0,37.522271999999994,126.974345
430,이촌,4,430,430,494107.0,1116637.0,37.522271999999994,126.974345
208,왕십리,2,208,208,508015.0,1127512.0,37.561533000000004,127.037732
1845,왕십리,B,K210,208,508015.0,1127512.0,37.561533000000004,127.037732
2541,왕십리,5,540,208,508015.0,1127512.0,37.561533000000004,127.037732
1013,왕십리,K,K116,208,508015.0,1127512.0,37.561533000000004,127.037732
201,시청,2,201,151,494587.0,1128532.0,37.564718,126.977108
151,시청,1,132,151,494587.0,1128532.0,37.564718,126.977108
223,교대,2,223,330,502900.0,1108655.0,37.493415,127.01408
330,교대,3,340,330,502900.0,1108655.0,37.493415,127.01408
4713,신설동,UI,953,156,505342.0,1131412.0,37.575297,127.02508700000001
246,신설동,2,211-4,156,505342.0,1131412.0,37.575297,127.02508700000001
156,신설동,1,126,156,505342.0,1131412.0,37.575297,127.02508700000001
214,강변,2,214,214,520755.0,1120262.0,37.535095,127.09468100000001
2519,까치산,5,518,2519,466017.0,1119387.0,37.531768,126.84668300000001
260,까치산,2,234-4,2519,466017.0,1119387.0,37.531768,126.84668300000001
2535,종로3가,5,534,153,498060.0,1130332.0,37.571607,126.99180600000001
319,종로3가,3,329,153,498060.0,1130332.0,37.571607,126.99180600000001
153,종로3가,1,130,153,498060.0,1130332.0,37.571607,126.99180600000001
320,을지로3가,3,330,203,497895.0,1128945.0,37.566295000000004,126.99191
203,을지로3가,2,203,203,497895.0,1128945.0,37.566295000000004,126.99191
1264,홍대입구,K,K314,239,483315.0,1126247.0,37.557192,126.925381
1293,홍대입구,A,A03,239,483315.0,1126247.0,37.557192,126.925381
239,홍대입구,2,239,239,483315.0,1126247.0,37.557192,126.925381
1019,광운대,1,119,1019,513467.0,1144785.0,37.623632,127.06183500000002
1308,광운대,G,P119,1019,513467.0,1144785.0,37.623632,127.06183500000002
2722,상봉,7,720,2722,518665.0,1137145.0,37.596362,127.08503200000001
1202,상봉,K,K120,2722,518665.0,1137145.0,37.596362,127.08503200000001
1309,상봉,G,P120,2722,518665.0,1137145.0,37.596362,127.08503200000001
1203,망우,K,K121,1203,520227.0,1138095.0,37.59955,127.09190900000002
1310,망우,G,P121,1203,520227.0,1138095.0,37.59955,127.09190900000002
2524,영등포구청,5,523,236,476875.0,1117441.0,37.52497,126.895951
236,영등포구청,2,236,236,476875.0,1117441.0,37.52497,126.895951
1032,신길,1,138,1032,481420.0,1115205.0,37.517122,126.917169
2526,신길,5,525,1032,481420.0,1115205.0,37.517122,126.917169
2535,종로3가,5,534,153,498060.0,1130332.0,37.571607,126.99180600000001
319,종로3가,3,329,153,498060.0,1130332.0,37.571607,126.99180600000001
153,종로3가,1,130,153,498060.0,1130332.0,37.571607,126.99180600000001
2536,을지로4가,5,535,204,499460.0,1129122.0,37.566941,126.998079
204,을지로4가,2,204,204,499460.0,1129122.0,37.566941,126.998079
238,합정,2,238,238,480875.0,1124362.0,37.549463,126.91373899999999
2623,합정,6,622,238,480875.0,1124362.0,37.549463,126.91373899999999
1292,공덕,A,A02,2530,489187.0,1122797.0,37.544018,126.95159199999999
1262,공덕,K,K312,2530,489187.0,1122797.0,37.544018,126.95159199999999
2627,공덕,6,626,2530,489187.0,1122797.0,37.544018,126.95159199999999
2530,공덕,5,529,2530,489187.0,1122797.0,37.544018,126.95159199999999
2629,삼각지,6,628,428,493970.0,1120167.0,37.534777000000005,126.97311
428,삼각지,4,428,428,493970.0,1120167.0,37.534777000000005,126.97311
323,약수,3,333,323,502197.0,1125470.0,37.55434,127.010655
2634,약수,6,633,323,502197.0,1125470.0,37.55434,127.010655
206,신당,2,206,206,503765.0,1128712.0,37.565971999999995,127.01782
2636,신당,6,635,206,503765.0,1128712.0,37.565971999999995,127.01782
2637,동묘앞,6,636,159,503422.0,1130557.0,37.572627000000004,127.016429
159,동묘앞,1,127,159,503422.0,1130557.0,37.572627000000004,127.016429
2645,석계,6,644,1018,514452.0,1142315.0,37.614805,127.065851
1018,석계,1,120,1018,514452.0,1142315.0,37.614805,127.065851
1903,도봉산,1,113,1903,510065.0,1163090.0,37.689313,127.046222
2712,도봉산,7,710,1903,510065.0,1163090.0,37.689313,127.046222
208,왕십리,2,208,208,508015.0,1127512.0,37.561533000000004,127.037732
1845,왕십리,B,K210,208,508015.0,1127512.0,37.561533000000004,127.037732
2541,왕십리,5,540,208,508015.0,1127512.0,37.561533000000004,127.037732
1013,왕십리,K,K116,208,508015.0,1127512.0,37.561533000000004,127.037732
2613,불광,6,612,312,484337.0,1140982.0,37.610469,126.92988700000001
312,불광,3,322,312,484337.0,1140982.0,37.610469,126.92988700000001
2615,연신내,6,614,311,482372.0,1143485.0,37.619001000000004,126.921008
311,연신내,3,321,311,482372.0,1143485.0,37.619001000000004,126.921008
1708,금정,1,P149,1458,487357.0,1075022.0,37.372221,126.94342900000001
1458,금정,4,443,1458,487357.0,1075022.0,37.372221,126.94342900000001
1713,수원,1,P155,1713,499747.0,1045517.0,37.265974,126.999874
1846,수원,B,K245,1713,499747.0,1045517.0,37.265974,126.999874
3130,원인재,I,I130,3130,430747.0,1086298.0,37.412603000000004,126.687389
1884,원인재,SU,K257,3130,430747.0,1086298.0,37.412603000000004,126.687389
1306,회기,G,P117,1015,512662.0,1135362.0,37.589459999999995,127.05758300000001
1015,회기,1,123,1015,512662.0,1135362.0,37.589459999999995,127.05758300000001
1200,회기,K,K118,1015,512662.0,1135362.0,37.589459999999995,127.05758300000001
2722,상봉,7,720,2722,518665.0,1137145.0,37.596362,127.08503200000001
1202,상봉,K,K120,2722,518665.0,1137145.0,37.596362,127.08503200000001
1309,상봉,G,P120,2722,518665.0,1137145.0,37.596362,127.08503200000001
1953,대곡,3,315,1953,458007.0,1147052.0,37.631626000000004,126.811024
1249,대곡,K,K322,1953,458007.0,1147052.0,37.631626000000004,126.811024
1292,공덕,A,A02,2530,489187.0,1122797.0,37.544018,126.95159199999999
1262,공덕,K,K312,2530,489187.0,1122797.0,37.544018,126.95159199999999
2627,공덕,6,626,2530,489187.0,1122797.0,37.544018,126.95159199999999
2530,공덕,5,529,2530,489187.0,1122797.0,37.544018,126.95159199999999
1294,디지털미디어시티,A,A04,2619,477750.0,1131825.0,37.576646000000004,126.90098400000001
2619,디지털미디어시티,6,618,2619,477750.0,1131825.0,37.576646000000004,126.90098400000001
1266,디지털미디어시티,K,K316,2619,477750.0,1131825.0,37.576646000000004,126.90098400000001
4602,회룡,U,U111,1905,510190.0,1172670.0,37.724846,127.04689499999999
1905,회룡,1,111,1905,510190.0,1172670.0,37.724846,127.04689499999999
4311,판교,S,D11,4311,524500.0,1081300.0,37.394760999999995,127.111217
1501,판교,KK,K410,4311,524500.0,1081300.0,37.394760999999995,127.111217
1877,오이도,SU,K250,1762,441955.0,1072345.0,37.362357,126.73871399999999
1762,오이도,4,456,1762,441955.0,1072345.0,37.362357,126.73871399999999
1502,이매,KK,K411,1860,528285.0,1081810.0,37.396104,127.12827
1860,이매,B,K227,1860,528285.0,1081810.0,37.396104,127.12827
4127,선정릉,9,927,1850,509542.0,1113380.0,37.510979999999996,127.04359299999999
1850,선정릉,B,K214,1850,509542.0,1113380.0,37.510979999999996,127.04359299999999
218,종합운동장,2,218,218,516222.0,1113652.0,37.510996999999996,127.07364199999999
4130,종합운동장,9,930,218,516222.0,1113652.0,37.510996999999996,127.07364199999999
2812,천호,8,811,2548,527042.0,1121095.0,37.538396999999996,127.123572
2548,천호,5,547,2548,527042.0,1121095.0,37.538396999999996,127.123572
412,창동,4,412,412,510370.0,1153032.0,37.653166,127.047731
1022,창동,1,116,412,510370.0,1153032.0,37.653166,127.047731
433,사당,4,433,226,495760.0,1104005.0,37.47653,126.98168500000001
226,사당,2,226,226,495760.0,1104005.0,37.47653,126.98168500000001
2715,노원,7,713,411,513622.0,1153612.0,37.655128000000005,127.06136799999999
411,노원,4,411,411,513622.0,1153612.0,37.655128000000005,127.06136799999999
2727,군자,7,725,2545,517395.0,1126285.0,37.557121,127.07954199999999
2545,군자,5,544,2545,517395.0,1126285.0,37.557121,127.07954199999999
2729,건대입구,7,727,212,515365.0,1121815.0,37.540693,127.07023000000001
212,건대입구,2,212,212,515365.0,1121815.0,37.540693,127.07023000000001
4123,고속터미널,9,923,329,500913.0,1111778.0,37.50481,127.004943
2736,고속터미널,7,734,329,500913.0,1111778.0,37.50481,127.004943
329,고속터미널,3,339,329,500913.0,1111778.0,37.50481,127.004943
2738,총신대입구(이수),7,736,432,495900.0,1106635.0,37.486263,126.98198899999998
432,총신대입구(이수),4,432,432,495900.0,1106635.0,37.486263,126.98198899999998
2746,대림,7,744,233,476705.0,1108675.0,37.49297,126.895801
233,대림,2,233,233,476705.0,1108675.0,37.49297,126.895801
2748,가산디지털단지,7,746,1702,473861.0,1105307.0,37.481072,126.88234299999999
1702,가산디지털단지,1,P142,1702,473861.0,1105307.0,37.481072,126.88234299999999
2752,온수,7,750,1821,460825.0,1108360.0,37.492258,126.823388
1821,온수,1,145,1821,460825.0,1108360.0,37.492258,126.823388
3118,부평구청,I,I118,3118,438020.0,1112972.0,37.508336,126.720548
2761,부평구청,7,759,3118,438020.0,1112972.0,37.508336,126.720548
2815,잠실,8,814,216,522390.0,1114282.0,37.51395,127.10223400000001
216,잠실,2,216,216,522390.0,1114282.0,37.51395,127.10223400000001
2821,복정,8,820,1031,527842.0,1102047.0,37.470046999999994,127.12666200000001
1031,복정,B,K222,1031,527842.0,1102047.0,37.470046999999994,127.12666200000001
1853,모란,B,K225,1853,528402.0,1091947.0,37.43213,127.12908700000001
2827,모란,8,826,1853,528402.0,1091947.0,37.43213,127.12908700000001
3120,부평,I,I120,1806,438837.0,1107772.0,37.489492999999996,126.724805
1806,부평,1,152,1806,438837.0,1107772.0,37.489492999999996,126.724805
4113,당산,9,913,237,478290.0,1120184.0,37.53438,126.902281
237,당산,2,237,237,478290.0,1120184.0,37.53438,126.902281
2527,여의도,5,526,2527,483100.0,1116530.0,37.521623999999996,126.924191
4115,여의도,9,915,2527,483100.0,1116530.0,37.521623999999996,126.924191
4120,동작,9,920,431,495157.0,1111287.0,37.502971,126.97930600000001
431,동작,4,431,431,495157.0,1111287.0,37.502971,126.97930600000001
4123,고속터미널,9,923,329,500913.0,1111778.0,37.50481,127.004943
2736,고속터미널,7,734,329,500913.0,1111778.0,37.50481,127.004943
329,고속터미널,3,339,329,500913.0,1111778.0,37.50481,127.004943
4102,김포공항,9,902,2513,455957.0,1127820.0,37.562434,126.80105800000001
4207,김포공항,A,A05,2513,455957.0,1127820.0,37.562434,126.80105800000001
2513,김포공항,5,512,2513,455957.0,1127820.0,37.562434,126.80105800000001
4307,강남,S,D7,222,506032.0,1109640.0,37.497175,127.02792600000001
222,강남,2,222,222,506032.0,1109640.0,37.497175,127.02792600000001
4308,양재,S,D8,332,507387.0,1106032.0,37.484147,127.034631
332,양재,3,342,332,507387.0,1106032.0,37.484147,127.034631
4312,정자,S,D12,1857,523707.0,1073515.0,37.367059999999995,127.10810500000001
1857,정자,B,K230,1857,523707.0,1073515.0,37.367059999999995,127.10810500000001
208,왕십리,2,208,208,508015.0,1127512.0,37.561533000000004,127.037732
1845,왕십리,B,K210,208,508015.0,1127512.0,37.561533000000004,127.037732
2541,왕십리,5,540,208,508015.0,1127512.0,37.561533000000004,127.037732
1013,왕십리,K,K116,208,508015.0,1127512.0,37.561533000000004,127.037732
1849,강남구청,B,K213,2732,508965.0,1115207.0,37.517185999999995,127.04128
2732,강남구청,7,730,2732,508965.0,1115207.0,37.517185999999995,127.04128
1023,선릉,B,K215,220,510742.0,1111880.0,37.504503,127.049008
220,선릉,2,220,220,510742.0,1111880.0,37.504503,127.049008
1292,공덕,A,A02,2530,489187.0,1122797.0,37.544018,126.95159199999999
1262,공덕,K,K312,2530,489187.0,1122797.0,37.544018,126.95159199999999
2627,공덕,6,626,2530,489187.0,1122797.0,37.544018,126.95159199999999
2530,공덕,5,529,2530,489187.0,1122797.0,37.544018,126.95159199999999
1261,효창공원앞,K,K826,2628,491425.0,1121402.0,37.539260999999996,126.96135100000001
2628,효창공원앞,6,627,2628,491425.0,1121402.0,37.539260999999996,126.96135100000001
2719,태릉입구,7,717,2646,516430.0,1143262.0,37.617983,127.07512
2646,태릉입구,6,645,2646,516430.0,1143262.0,37.617983,127.07512
3207,검암,I2,I207,4209,427682.0,1129830.0,37.569103999999996,126.673728
4209,검암,A,A07,4209,427682.0,1129830.0,37.569103999999996,126.673728
3218,주안,I2,I218,1809,429187.0,1100850.0,37.464940999999996,126.679923
1809,주안,1,156,1809,429187.0,1100850.0,37.464940999999996,126.679923
1891,인천,SU,K264,1812,415080.0,1103977.0,37.476690999999995,126.61693600000001
1812,인천,1,161,1812,415080.0,1103977.0,37.476690999999995,126.61693600000001
3221,인천시청,I2,I221,3124,433955.0,1098822.0,37.457405,126.702221
3124,인천시청,I,I124,3124,433955.0,1098822.0,37.457405,126.702221
1014,청량리,K,K117,158,510002.0,1132640.0,37.580178000000004,127.04683500000002
1305,청량리,G,P116,158,510002.0,1132640.0,37.580178000000004,127.04683500000002
158,청량리,1,124,158,510002.0,1132640.0,37.580178000000004,127.04683500000002
1306,회기,G,P117,1015,512662.0,1135362.0,37.589459999999995,127.05758300000001
1015,회기,1,123,1015,512662.0,1135362.0,37.589459999999995,127.05758300000001
1200,회기,K,K118,1015,512662.0,1135362.0,37.589459999999995,127.05758300000001
1307,중랑,G,P118,1201,516572.0,1136827.0,37.594916999999995,127.07611599999998
1201,중랑,K,K119,1201,516572.0,1136827.0,37.594916999999995,127.07611599999998
2532,충정로,5,531,243,491842.0,1127227.0,37.559973,126.963672
243,충정로,2,243,243,491842.0,1127227.0,37.559973,126.963672
2537,동대문역사문화공원,5,536,205,501555.0,1128600.0,37.565138,127.007896
205,동대문역사문화공원,2,205,205,501555.0,1128600.0,37.565138,127.007896
422,동대문역사문화공원,4,422,205,501555.0,1128600.0,37.565138,127.007896
2635,청구,6,634,2538,502872.0,1127150.0,37.560245,127.013828
2538,청구,5,537,2538,502872.0,1127150.0,37.560245,127.013828
4711,성신여대입구,UI,951,418,503476.0,1136257.0,37.592624,127.016403
418,성신여대입구,4,418,418,503476.0,1136257.0,37.592624,127.016403
4712,보문,UI,952,2639,504065.0,1134217.0,37.585285999999996,127.01938100000001
2639,보문,6,638,2639,504065.0,1134217.0,37.585285999999996,127.01938100000001
4713,신설동,UI,953,156,505342.0,1131412.0,37.575297,127.02508700000001
246,신설동,2,211-4,156,505342.0,1131412.0,37.575297,127.02508700000001
156,신설동,1,126,156,505342.0,1131412.0,37.575297,127.02508700000001
4102,김포공항,9,902,2513,455957.0,1127820.0,37.562434,126.80105800000001
4207,김포공항,A,A05,2513,455957.0,1127820.0,37.562434,126.80105800000001
2513,김포공항,5,512,2513,455957.0,1127820.0,37.562434,126.80105800000001
4208,계양,A,A06,3110,441522.0,1130440.0,37.571462,126.73563700000001
3110,계양,I,I110,3110,441522.0,1130440.0,37.571462,126.73563700000001
4501,기흥,E,Y110,1865,525500.0,1048200.0,37.275619,127.115936
1865,기흥,B,K237,1865,525500.0,1048200.0,37.275619,127.115936
1011,옥수,K,K114,325,503850.0,1121910.0,37.540684999999996,127.01796499999999
325,옥수,3,335,325,503850.0,1121910.0,37.540684999999996,127.01796499999999
1014,청량리,K,K117,158,510002.0,1132640.0,37.580178000000004,127.04683500000002
1305,청량리,G,P116,158,510002.0,1132640.0,37.580178000000004,127.04683500000002
158,청량리,1,124,158,510002.0,1132640.0,37.580178000000004,127.04683500000002
1025,도곡,B,K217,334,512105.0,1107980.0,37.490858,127.05538100000001
334,도곡,3,344,334,512105.0,1107980.0,37.490858,127.05538100000001
1030,수서,B,K221,339,522445.0,1106977.0,37.487371,127.10188000000001
339,수서,3,349,339,522445.0,1106977.0,37.487371,127.10188000000001
1264,홍대입구,K,K314,239,483315.0,1126247.0,37.557192,126.925381
1293,홍대입구,A,A03,239,483315.0,1126247.0,37.557192,126.925381
239,홍대입구,2,239,239,483315.0,1126247.0,37.557192,126.925381
1290,용산,K,K110,1003,491977.0,1118732.0,37.529849,126.964561
1003,용산,1,135,1003,491977.0,1118732.0,37.529849,126.964561
1294,디지털미디어시티,A,A04,2619,477750.0,1131825.0,37.576646000000004,126.90098400000001
2619,디지털미디어시티,6,618,2619,477750.0,1131825.0,37.576646000000004,126.90098400000001
1266,디지털미디어시티,K,K316,2619,477750.0,1131825.0,37.576646000000004,126.90098400000001
152,종각,1,131,152,496085.0,1129940.0,37.570161,126.982923
154,종로5가,1,129,154,500162.0,1130132.0,37.570926,127.00184899999999
155,동대문,1,128,155,502155.0,1130180.0,37.57142,127.009745
421,동대문,4,421,155,502155.0,1130180.0,37.57142,127.009745
321,충무로,3,331,321,498550.0,1127582.0,37.561243,126.99428
423,충무로,4,423,321,498550.0,1127582.0,37.561243,126.99428
4713,신설동,UI,953,156,505342.0,1131412.0,37.575297,127.02508700000001
246,신설동,2,211-4,156,505342.0,1131412.0,37.575297,127.02508700000001
156,신설동,1,126,156,505342.0,1131412.0,37.575297,127.02508700000001
157,제기동,1,125,157,507552.0,1132159.0,37.578103000000006,127.034893
1014,청량리,K,K117,158,510002.0,1132640.0,37.580178000000004,127.04683500000002
1305,청량리,G,P116,158,510002.0,1132640.0,37.580178000000004,127.04683500000002
158,청량리,1,124,158,510002.0,1132640.0,37.580178000000004,127.04683500000002
2637,동묘앞,6,636,159,503422.0,1130557.0,37.572627000000004,127.016429
159,동묘앞,1,127,159,503422.0,1130557.0,37.572627000000004,127.016429
202,을지로입구,2,202,202,495832.0,1128752.0,37.566014,126.98261799999999
320,을지로3가,3,330,203,497895.0,1128945.0,37.566295000000004,126.99191
203,을지로3가,2,203,203,497895.0,1128945.0,37.566295000000004,126.99191
4615,탑석,U,U125,4615,519500.0,1175280.0,37.733579,127.088704
4703,419민주묘지,UI,943,4703,,,,
4704,가오리,UI,944,4704,,,,
4705,화계,UI,945,4705,,,,
1290,용산,K,K110,1003,491977.0,1118732.0,37.529849,126.964561
1003,용산,1,135,1003,491977.0,1118732.0,37.529849,126.964561
1024,한티,B,k216,1024,511526.0,1109471.0,37.496237,127.05287299999999
1026,구룡,B,k218,1026,512907.0,1106947.0,37.486839,127.058856
314,홍제,3,324,314,487507.0,1135130.0,37.589065999999995,126.94373600000002
1327,김유정,G,P138,1327,657027.0,1199465.0,37.818466,127.71433999999999
1328,남춘천,G,P139,1328,659057.0,1212015.0,37.864007,127.72379199999999
1406,풍기,1,P175,1406,,,,
1711,성균관대,1,P153,1711,493610.0,1054955.0,37.300349,126.97075
1030,수서,B,K221,339,522445.0,1106977.0,37.487371,127.10188000000001
339,수서,3,349,339,522445.0,1106977.0,37.487371,127.10188000000001
341,경찰병원,3,351,341,527245.0,1109277.0,37.495917999999996,127.12454
1813,구일,1,142,1813,471027.0,1109500.0,37.496756,126.87079299999999
1854,야탑,B,K226,1854,528336.0,1086000.0,37.411184999999996,127.12871499999999
1950,삼송,3,318,1950,476770.0,1153035.0,37.653083,126.89555800000001
1952,화정,3,316,1952,462986.0,1147997.0,37.634592,126.83265
2525,영등포시장,5,524,2525,478864.0,1116799.0,37.522669,126.90513899999999
2554,상일동,5,553,2554,536415.0,1126182.0,37.556712,127.166417
2718,공릉,7,716,2718,515927.0,1145312.0,37.625741999999995,127.072896
2741,상도,7,739,2741,488362.0,1111262.0,37.502834,126.94791000000001
2536,을지로4가,5,535,204,499460.0,1129122.0,37.566941,126.998079
204,을지로4가,2,204,204,499460.0,1129122.0,37.566941,126.998079
3112,박촌,I,I112,3112,443555.0,1125427.0,37.553703000000006,126.745077
1863,구성,B,K235,1863,523000.0,1054700.0,37.298969,127.10566399999999
1888,인하대,SU,K261,1888,424155.0,1090745.0,37.448493,126.649619
1889,숭의,SU,K262,1889,,,37.460789,126.638297
3137,센트럴파크,I,I137,3137,419000.0,1081040.0,37.393054,126.63472900000001
3138,국제업무지구,I,I138,3138,418000.0,1082740.0,37.399907,126.630347
1269,강매,K,K319,1269,465720.0,1141779.0,37.612314000000005,126.843223
1878,달월,SU,K251,1878,443455.0,1077245.0,37.379681,126.745177
1948,원흥,3,309,1948,472070.0,1152435.0,37.650658,126.872642
3205,완정,I2,I205,3205,,,37.592928,126.673203
1220,지평,K,K138,1220,,,,
3220,석바위시장,I2,I220,3220,,,37.457611,126.692575
1291,서울,A,A01,150,493365.0,1125595.0,37.554648,126.972559
150,서울,1,133,150,493365.0,1125595.0,37.554648,126.972559
426,서울,4,426,150,493365.0,1125595.0,37.554648,126.972559
201,시청,2,201,151,494587.0,1128532.0,37.564718,126.977108
151,시청,1,132,151,494587.0,1128532.0,37.564718,126.977108
2537,동대문역사문화공원,5,536,205,501555.0,1128600.0,37.565138,127.007896
205,동대문역사문화공원,2,205,205,501555.0,1128600.0,37.565138,127.007896
422,동대문역사문화공원,4,422,205,501555.0,1128600.0,37.565138,127.007896
206,신당,2,206,206,503765.0,1128712.0,37.565971999999995,127.01782
2636,신당,6,635,206,503765.0,1128712.0,37.565971999999995,127.01782
207,상왕십리,2,207,207,506303.0,1128363.0,37.564353999999994,127.029354
208,왕십리,2,208,208,508015.0,1127512.0,37.561533000000004,127.037732
1845,왕십리,B,K210,208,508015.0,1127512.0,37.561533000000004,127.037732
2541,왕십리,5,540,208,508015.0,1127512.0,37.561533000000004,127.037732
1013,왕십리,K,K116,208,508015.0,1127512.0,37.561533000000004,127.037732
209,한양대,2,209,209,509450.0,1125912.0,37.555273,127.043655
210,뚝섬,2,210,210,510281.0,1123615.0,37.547184,127.047367
211,성수,2,211,211,512172.0,1122866.0,37.544581,127.05596100000001
4310,청계산입구,S,D10,4310,511857.0,1096100.0,37.447210999999996,127.055664
4701,북한산우이,UI,941,4701,,,,
2729,건대입구,7,727,212,515365.0,1121815.0,37.540693,127.07023000000001
212,건대입구,2,212,212,515365.0,1121815.0,37.540693,127.07023000000001
213,구의,2,213,213,518867.0,1120790.0,37.537077000000004,127.085916
215,잠실나루,2,215,215,522630.0,1116225.0,37.520733,127.10378999999999
2815,잠실,8,814,216,522390.0,1114282.0,37.51395,127.10223400000001
216,잠실,2,216,216,522390.0,1114282.0,37.51395,127.10223400000001
217,잠실새내,2,217,217,518955.0,1113730.0,37.511687,127.08616200000002
218,종합운동장,2,218,218,516222.0,1113652.0,37.510996999999996,127.07364199999999
4130,종합운동장,9,930,218,516222.0,1113652.0,37.510996999999996,127.07364199999999
219,삼성,2,219,219,513737.0,1113012.0,37.508844,127.06316000000001
1023,선릉,B,K215,220,510742.0,1111880.0,37.504503,127.049008
220,선릉,2,220,220,510742.0,1111880.0,37.504503,127.049008
221,역삼,2,221,221,507992.0,1110605.0,37.500622,127.036456
4307,강남,S,D7,222,506032.0,1109640.0,37.497175,127.02792600000001
222,강남,2,222,222,506032.0,1109640.0,37.497175,127.02792600000001
224,서초,2,224,224,501595.0,1108160.0,37.491896999999994,127.00791699999999
225,방배,2,225,225,499277.0,1105368.0,37.481426,126.997596
433,사당,4,433,226,495760.0,1104005.0,37.47653,126.98168500000001
226,사당,2,226,226,495760.0,1104005.0,37.47653,126.98168500000001
227,낙성대,2,227,227,491805.0,1104272.0,37.476929999999996,126.96369299999999
228,서울대입구,2,228,228,489440.0,1105242.0,37.481246999999996,126.952739
229,봉천,2,229,229,486905.0,1105552.0,37.482362,126.941892
230,신림,2,230,230,484275.0,1105992.0,37.484201,126.92971499999999
231,신대방,2,231,231,480562.0,1107052.0,37.487462,126.913149
232,구로디지털단지,2,232,232,478070.0,1106435.0,37.485265999999996,126.901401
2746,대림,7,744,233,476705.0,1108675.0,37.49297,126.895801
233,대림,2,233,233,476705.0,1108675.0,37.49297,126.895801
234,신도림,2,234,234,475755.0,1112937.0,37.508725,126.891295
1007,신도림,1,140,234,475755.0,1112937.0,37.508725,126.891295
235,문래,2,235,235,476561.0,1115505.0,37.517933,126.89476
2524,영등포구청,5,523,236,476875.0,1117441.0,37.52497,126.895951
236,영등포구청,2,236,236,476875.0,1117441.0,37.52497,126.895951
4113,당산,9,913,237,478290.0,1120184.0,37.53438,126.902281
237,당산,2,237,237,478290.0,1120184.0,37.53438,126.902281
238,합정,2,238,238,480875.0,1124362.0,37.549463,126.91373899999999
2623,합정,6,622,238,480875.0,1124362.0,37.549463,126.91373899999999
1264,홍대입구,K,K314,239,483315.0,1126247.0,37.557192,126.925381
1293,홍대입구,A,A03,239,483315.0,1126247.0,37.557192,126.925381
239,홍대입구,2,239,239,483315.0,1126247.0,37.557192,126.925381
240,신촌,2,240,240,485922.0,1125867.0,37.555134,126.936893
241,이대,2,241,241,487955.0,1126182.0,37.556733,126.946013
242,아현,2,242,242,490052.0,1126335.0,37.557345,126.95614099999999
2532,충정로,5,531,243,491842.0,1127227.0,37.559973,126.963672
243,충정로,2,243,243,491842.0,1127227.0,37.559973,126.963672
244,용답,2,211-1,244,511015.0,1127677.0,37.561904,127.050899
245,신답,2,211-2,245,510310.0,1129987.0,37.570040000000006,127.046481
247,도림천,2,234-1,247,473827.0,1114450.0,37.514287,126.882768
248,양천구청,2,234-2,248,470185.0,1113852.0,37.512398,126.86581899999999
249,신정네거리,2,234-3,249,467370.0,1116015.0,37.520074,126.85291200000002
250,용두,2,211-3,250,508200.0,1131077.0,37.574028000000006,127.038091
309,지축,3,319,309,480805.0,1151557.0,37.648047999999996,126.913951
310,구파발,3,320,310,481875.0,1148452.0,37.636763,126.918821
2615,연신내,6,614,311,482372.0,1143485.0,37.619001000000004,126.921008
311,연신내,3,321,311,482372.0,1143485.0,37.619001000000004,126.921008
2613,불광,6,612,312,484337.0,1140982.0,37.610469,126.92988700000001
312,불광,3,322,312,484337.0,1140982.0,37.610469,126.92988700000001
313,녹번,3,323,313,485672.0,1138467.0,37.600927,126.93575600000001
315,무악재,3,325,315,488910.0,1133372.0,37.582299,126.95029099999999
316,독립문,3,326,316,490525.0,1131175.0,37.574571,126.957748
317,경복궁,3,327,317,493895.0,1131520.0,37.575762,126.97353000000001
318,안국,3,328,318,496540.0,1131750.0,37.576477000000004,126.98544299999999
322,동대입구,3,332,322,501022.0,1127027.0,37.559052,127.005602
323,약수,3,333,323,502197.0,1125470.0,37.55434,127.010655
2634,약수,6,633,323,502197.0,1125470.0,37.55434,127.010655
324,금호,3,334,324,503275.0,1123820.0,37.548034,127.015872
1011,옥수,K,K114,325,503850.0,1121910.0,37.540684999999996,127.01796499999999
325,옥수,3,335,325,503850.0,1121910.0,37.540684999999996,127.01796499999999
326,압구정,3,336,326,506121.0,1117883.0,37.527072,127.02846100000001
327,신사,3,337,327,504302.0,1115065.0,37.516334,127.02011399999999
328,잠원,3,338,328,502340.0,1113995.0,37.512759,127.01122
4123,고속터미널,9,923,329,500913.0,1111778.0,37.50481,127.004943
2736,고속터미널,7,734,329,500913.0,1111778.0,37.50481,127.004943
329,고속터미널,3,339,329,500913.0,1111778.0,37.50481,127.004943
223,교대,2,223,330,502900.0,1108655.0,37.493415,127.01408
330,교대,3,340,330,502900.0,1108655.0,37.493415,127.01408
331,남부터미널,3,341,331,503497.0,1106375.0,37.485013,127.01618899999998
4308,양재,S,D8,332,507387.0,1106032.0,37.484147,127.034631
332,양재,3,342,332,507387.0,1106032.0,37.484147,127.034631
333,매봉,3,343,333,510257.0,1106985.0,37.486947,127.046769
1025,도곡,B,K217,334,512105.0,1107980.0,37.490858,127.05538100000001
334,도곡,3,344,334,512105.0,1107980.0,37.490858,127.05538100000001
335,대치,3,345,335,513907.0,1108850.0,37.494612,127.06364199999999
336,학여울,3,346,336,515537.0,1109537.0,37.496663,127.070594
337,대청,3,347,337,517440.0,1108825.0,37.493514000000005,127.079532
338,일원,3,348,338,518585.0,1106192.0,37.483681,127.08438999999998
409,당고개,4,409,409,517267.0,1157807.0,37.670272,127.079066
410,상계,4,410,410,515995.0,1155000.0,37.660878000000004,127.073572
2715,노원,7,713,411,513622.0,1153612.0,37.655128000000005,127.06136799999999
411,노원,4,411,411,513622.0,1153612.0,37.655128000000005,127.06136799999999
412,창동,4,412,412,510370.0,1153032.0,37.653166,127.047731
1022,창동,1,116,412,510370.0,1153032.0,37.653166,127.047731
413,쌍문,4,413,413,507572.0,1151735.0,37.648627000000005,127.034709
414,수유,4,414,414,505477.0,1148677.0,37.638052,127.025732
415,미아,4,415,415,505667.0,1145592.0,37.626670000000004,127.02598300000001
416,미아사거리,4,416,416,506527.0,1141940.0,37.613292,127.03005300000001
417,길음,4,417,417,505320.0,1139202.0,37.603407000000004,127.025053
4711,성신여대입구,UI,951,418,503476.0,1136257.0,37.592624,127.016403
418,성신여대입구,4,418,418,503476.0,1136257.0,37.592624,127.016403
419,한성대입구,4,419,419,501130.0,1135052.0,37.588458,127.006221
420,혜화,4,420,420,500245.0,1133299.0,37.582336,127.00184399999999
424,명동,4,424,424,496773.0,1127452.0,37.560989,126.986325
425,회현,4,425,425,495072.0,1126787.0,37.558514,126.978246
427,숙대입구,4,427,427,493747.0,1122832.0,37.54456,126.97210600000001
2629,삼각지,6,628,428,493970.0,1120167.0,37.534777000000005,126.97311
428,삼각지,4,428,428,493970.0,1120167.0,37.534777000000005,126.97311
429,신용산,4,429,429,492830.0,1118597.0,37.52917,126.967894
1008,이촌,K,K111,430,494107.0,1116637.0,37.522271999999994,126.974345
430,이촌,4,430,430,494107.0,1116637.0,37.522271999999994,126.974345
4120,동작,9,920,431,495157.0,1111287.0,37.502971,126.97930600000001
431,동작,4,431,431,495157.0,1111287.0,37.502971,126.97930600000001
2738,총신대입구(이수),7,736,432,495900.0,1106635.0,37.486263,126.98198899999998
432,총신대입구(이수),4,432,432,495900.0,1106635.0,37.486263,126.98198899999998
434,남태령,4,434,434,497392.0,1100550.0,37.463873,126.989134
1002,남영,1,134,1002,493462.0,1122025.0,37.541021,126.9713
4117,노량진,9,917,1004,487327.0,1114430.0,37.514219,126.942454
1004,노량진,1,136,1004,487327.0,1114430.0,37.514219,126.942454
1005,대방,1,137,1005,483645.0,1114340.0,37.513342,126.926382
1006,영등포,1,139,1006,479375.0,1114790.0,37.515504,126.907628
1009,서빙고,K,K112,1009,497257.0,1115882.0,37.519594,126.98853700000001
1010,한남,K,K113,1010,501750.0,1118657.0,37.52943,127.009169
1012,응봉,K,K115,1012,507432.0,1124352.0,37.549946000000006,127.03453799999998
1306,회기,G,P117,1015,512662.0,1135362.0,37.589459999999995,127.05758300000001
1015,회기,1,123,1015,512662.0,1135362.0,37.589459999999995,127.05758300000001
1200,회기,K,K118,1015,512662.0,1135362.0,37.589459999999995,127.05758300000001
1016,외대앞,1,122,1016,513900.0,1137147.0,37.596073,127.063549
1017,신이문,1,121,1017,514704.0,1138814.0,37.601853999999996,127.067325
2645,석계,6,644,1018,514452.0,1142315.0,37.614805,127.065851
1018,석계,1,120,1018,514452.0,1142315.0,37.614805,127.065851
1019,광운대,1,119,1019,513467.0,1144785.0,37.623632,127.06183500000002
1308,광운대,G,P119,1019,513467.0,1144785.0,37.623632,127.06183500000002
1020,월계,1,118,1020,512815.0,1147432.0,37.633212,127.05883100000001
1021,녹천,1,117,1021,511557.0,1150497.0,37.644799,127.05126899999999
1027,개포동,B,k219,1027,514487.0,1107365.0,37.489115999999996,127.06613999999999
1028,대모산입구,B,k220,1028,515977.0,1108135.0,37.491372999999996,127.07271999999999
2821,복정,8,820,1031,527842.0,1102047.0,37.470046999999994,127.12666200000001
1031,복정,B,K222,1031,527842.0,1102047.0,37.470046999999994,127.12666200000001
1032,신길,1,138,1032,481420.0,1115205.0,37.517122,126.917169
2526,신길,5,525,1032,481420.0,1115205.0,37.517122,126.917169
1307,중랑,G,P118,1201,516572.0,1136827.0,37.594916999999995,127.07611599999998
1201,중랑,K,K119,1201,516572.0,1136827.0,37.594916999999995,127.07611599999998
1203,망우,K,K121,1203,520227.0,1138095.0,37.59955,127.09190900000002
1310,망우,G,P121,1203,520227.0,1138095.0,37.59955,127.09190900000002
1204,양원,K,K122,1204,523632.0,1140087.0,37.606596,127.107906
1205,구리,K,K123,1205,531520.0,1139097.0,37.603392,127.143869
1206,도농,K,K124,1206,535400.0,1140587.0,37.608806,127.161153
1207,양정,K,K125,1207,542752.0,1139387.0,37.60533,127.19363999999999
1208,덕소,K,K126,1208,545892.0,1134737.0,37.586781,127.208832
1209,도심,K,K127,1209,548956.0,1132632.0,37.579622,127.222672
1210,팔당,K,K128,1210,553656.0,1123632.0,37.547371000000005,127.24393899999998
1211,운길산,K,K129,1211,568456.0,1125732.0,37.554669,127.310115
1212,양수,K,K130,1212,572506.0,1123332.0,37.545981,127.329098
1213,신원,K,K131,1213,582256.0,1117732.0,37.525545,127.37292099999999
1214,국수,K,K132,1214,587806.0,1115232.0,37.516169,127.399367
1215,아신,K,K133,1215,597856.0,1114532.0,37.51382,127.443173
1216,오빈,K,K134,1216,604526.0,1112452.0,37.506062,127.473868
1217,양평(경의중앙선),K,K135,1217,608646.0,1108692.0,37.492832,127.49181399999999
1218,원덕,K,K136,1218,620686.0,1102132.0,37.468672,127.547076
1219,용문,K,K137,1219,631106.0,1105832.0,37.48223,127.594647
1251,서울(경의중앙선),K,P313,1251,493365.0,1125595.0,37.556328,126.969522
1252,신촌(경의중앙선),K,P312,1252,487020.0,1127079.0,37.559783,126.942319
1263,서강대,K,K313,1263,485615.0,1124847.0,37.551881,126.93571100000001
1265,가좌,K,K315,1265,480980.0,1129579.0,37.568490999999995,126.91548700000001
1267,수색,K,K317,1267,476820.0,1133079.0,37.580842,126.89561100000002
1268,화전,K,K318,1268,470720.0,1139079.0,37.602888,126.86838700000001
1270,행신,K,K320,1270,463270.0,1141629.0,37.612102,126.83414599999999
1271,능곡,K,K321,1271,460120.0,1143579.0,37.618808,126.820783
1272,곡산,K,K323,1272,456120.0,1150979.0,37.645676,126.80176200000001
1273,백마,K,K324,1273,454620.0,1154279.0,37.658239,126.79446100000001
1274,풍산,K,K325,1274,452620.0,1158279.0,37.672346000000005,126.786243
1275,일산,K,K326,1275,449020.0,1161080.0,37.682077,126.769846
1276,탄현,K,K327,1276,447100.0,1164280.0,37.694023,126.761086
1277,야당,K,K328,1277,,,37.712327,126.761356
1278,운정,K,K329,1278,448520.0,1173280.0,37.725826,126.767257
1279,금릉,K,K330,1279,448220.0,1180380.0,37.751321999999995,126.76534699999999
1280,금촌,K,K331,1280,450120.0,1184280.0,37.766217,126.774644
1282,월롱,K,K333,1282,454200.0,1192580.0,37.796188,126.79258700000001
1283,파주,K,K334,1283,454200.0,1197940.0,37.815298,126.79278300000001
1284,문산,K,K335,1284,453250.0,1208880.0,37.854619,126.78804699999999
1311,신내,G,P122,1311,522627.0,1141915.0,37.612887,127.103218
1312,갈매,G,P123,1312,525127.0,1147615.0,37.634118,127.11475700000001
1313,별내,G,P124,1313,528027.0,1149915.0,37.64202,127.12683999999999
1314,퇴계원,G,P125,1314,531627.0,1151565.0,37.648311,127.143952
1315,사릉,G,P126,1315,538877.0,1152465.0,37.65108,127.176933
1316,금곡,G,P127,1316,545627.0,1148565.0,37.637382,127.207853
1317,평내호평,G,P128,1317,553727.0,1153065.0,37.653225,127.24449299999999
1318,천마산,G,P129,1318,563227.0,1154365.0,37.658978000000005,127.285379
1319,마석,G,P130,1319,568527.0,1153065.0,37.652782,127.31176699999999
1320,대성리,G,P131,1320,583557.0,1161685.0,37.684071,127.379319
1321,청평,G,P132,1321,593827.0,1175965.0,37.735488000000004,127.42661000000001
1322,상천,G,P133,1322,599927.0,1185665.0,37.770246,127.454821
1323,가평,G,P134,1323,612227.0,1198065.0,37.814536,127.51073899999999
1324,굴봉산,G,P135,1324,622627.0,1202925.0,37.832066999999995,127.557695
1325,백양리,G,P136,1325,629627.0,1202665.0,37.830779,127.58933
1326,강촌,G,P137,1326,639467.0,1195735.0,37.805723,127.634146
1329,춘천,G,P140,1329,657427.0,1217865.0,37.885054,127.717023
1401,봉명,1,P170,1401,530135.0,916612.0,36.801215,127.13576299999998
1402,쌍용(나사렛대),1,P171,1402,526835.0,914512.0,36.793759,127.1214
1403,아산,1,P172,1403,523035.0,914062.0,36.792053,127.10436100000001
1404,탕정,1,P173,1404,,,,
1405,배방,1,P174,1405,511635.0,910112.0,36.777629,127.05299099999999
1407,온양온천,1,P176,1407,500535.0,910912.0,36.780483000000004,127.003249
1408,신창,1,P177,1408,489035.0,907912.0,36.769502,126.951108
1450,선바위,4,435,1450,500385.0,1097110.0,37.451673,127.002303
1451,경마공원,4,436,1451,501607.0,1094842.0,37.443884999999995,127.007888
1452,대공원,4,437,1452,501287.0,1092762.0,37.435675,127.006523
1453,과천,4,438,1453,499077.0,1091800.0,37.433021000000004,126.996568
1454,정부과천청사,4,439,1454,497615.0,1090090.0,37.426513,126.98978000000001
1455,인덕원,4,440,1455,494677.0,1083140.0,37.401553,126.97671499999998
1456,평촌,4,441,1456,491940.0,1081142.0,37.394287,126.96388300000001
1457,범계,4,442,1457,488992.0,1079953.0,37.389793,126.950806
1708,금정,1,P149,1458,487357.0,1075022.0,37.372221,126.94342900000001
1458,금정,4,443,1458,487357.0,1075022.0,37.372221,126.94342900000001
1503,삼동,KK,K412,1503,,,37.409521999999996,127.20336
1504,경기광주,KK,K413,1504,,,37.399907,127.25263000000001
1505,초월,KK,K414,1505,,,37.374419,127.29899999999999
1506,곤지암,KK,K415,1506,,,37.351315,127.34674
1507,신둔도예촌,KK,K416,1507,,,37.317184999999995,127.40476000000001
1508,이천,KK,K417,1508,,,37.265578999999995,127.44226
1509,부발,KK,K418,1509,,,37.260191999999996,127.490277
1510,세종대왕릉,KK,K419,1510,,,37.295309,127.57093799999998
1511,여주,KK,K420,1511,,,,
1701,구로,1,141,1701,473665.0,1111027.0,37.503039,126.88196599999999
2748,가산디지털단지,7,746,1702,473861.0,1105307.0,37.481072,126.88234299999999
1702,가산디지털단지,1,P142,1702,473861.0,1105307.0,37.481072,126.88234299999999
1703,금천구청,1,P144,1703,476450.0,1098232.0,37.455626,126.89398
1704,석수,1,P145,1704,478195.0,1092480.0,37.435047,126.902295
1705,관악,1,P146,1705,479698.0,1088013.0,37.419232,126.90870600000001
1706,안양,1,P147,1706,482735.0,1083190.0,37.401592,126.922874
1707,명학,1,P148,1707,485522.0,1078495.0,37.384653,126.935433
1709,군포,1,P150,1709,488327.0,1069692.0,37.353559999999995,126.948462
1710,의왕,1,P152,1710,488252.0,1060692.0,37.320852,126.948217
1712,화서,1,P154,1712,497490.0,1050557.0,37.283862,126.989627
1713,수원,1,P155,1713,499747.0,1045517.0,37.265974,126.999874
1846,수원,B,K245,1713,499747.0,1045517.0,37.265974,126.999874
1714,독산,1,P143,1714,475327.0,1101222.0,37.466613,126.88924899999999
1715,세류,1,P156,1715,502825.0,1039400.0,37.245025,127.013222
1716,병점,1,P157,1716,507147.0,1029150.0,37.207503,127.03273100000001
1717,세마,1,P158,1717,509427.0,1023707.0,37.187533,127.04318
1718,오산대,1,P159,1718,513750.0,1018710.0,37.168953,127.063197
1719,오산,1,P160,1719,514562.0,1011910.0,37.145885,127.06671999999999
1720,진위,1,P161,1720,513662.0,1002210.0,37.109446999999996,127.062278
1721,송탄,1,P162,1721,511847.0,992717.0,37.075696,127.054301
1722,서정리,1,P163,1722,511607.0,987472.0,37.056496,127.052819
1723,지제,1,P164,1723,515467.0,977022.0,37.0188,127.070444
1724,평택,1,P165,1724,518805.0,969180.0,36.990726,127.085159
1725,성환,1,P166,1725,528022.0,948422.0,36.916076000000004,127.12696399999999
1726,직산,1,P167,1726,531832.0,935982.0,36.870593,127.143904
1727,두정,1,P168,1727,533047.0,925610.0,36.833705,127.14896
1728,천안,1,P169,1728,532535.0,919162.0,36.810005,127.146826
1729,당정,1,P151,1729,488329.0,1067092.0,37.344285,126.94834499999999
1749,서동탄,1,P157-1,1749,511347.0,1026050.0,37.195504,127.051672
1750,광명,1,P144-1,1750,474465.0,1087601.0,37.416182,126.88446599999999
1751,산본,4,444,1751,484987.0,1071127.0,37.358101,126.933274
1752,대야미,4,446,1752,481462.0,1062700.0,37.328466999999996,126.917332
1753,반월,4,447,1753,478522.0,1058497.0,37.312212,126.903524
1754,상록수,4,448,1754,470314.0,1055852.0,37.302795,126.86648899999999
1755,한대앞,4,449,1755,467472.0,1057792.0,37.309689,126.85343999999999
1756,중앙,4,450,1756,464005.0,1059422.0,37.315940999999995,126.838573
1757,고잔,4,451,1757,460565.0,1059785.0,37.316777,126.823249
1758,초지,4,452,1758,456877.0,1060755.0,37.320646,126.80591299999999
1759,안산,4,453,1759,453040.0,1062570.0,37.327082,126.788532
1760,신길온천,4,454,1760,448260.0,1065560.0,37.338212,126.765844
1761,정왕,4,455,1761,442835.0,1069400.0,37.351735,126.742989
1877,오이도,SU,K250,1762,441955.0,1072345.0,37.362357,126.73871399999999
1762,오이도,4,456,1762,441955.0,1072345.0,37.362357,126.73871399999999
1763,수리산,4,445,1763,483320.0,1068927.0,37.349801,126.92536499999999
1801,개봉,1,143,1801,468537.0,1109170.0,37.494594,126.85868
1802,오류동,1,144,1802,465445.0,1108947.0,37.494526,126.84536499999999
1803,역곡,1,146,1803,458312.0,1106430.0,37.485178000000005,126.811502
1804,부천,1,148,1804,451774.0,1106150.0,37.48405,126.78268600000001
1805,송내,1,150,1805,445200.0,1107120.0,37.4876,126.75366399999999
3120,부평,I,I120,1806,438837.0,1107772.0,37.489492999999996,126.724805
1806,부평,1,152,1806,438837.0,1107772.0,37.489492999999996,126.724805
1807,백운,1,153,1807,435164.0,1105969.0,37.483664000000005,126.707704
1808,동암,1,154,1808,434192.0,1102477.0,37.471408000000004,126.702896
3218,주안,I2,I218,1809,429187.0,1100850.0,37.464940999999996,126.679923
1809,주안,1,156,1809,429187.0,1100850.0,37.464940999999996,126.679923
1810,제물포,1,158,1810,424050.0,1101375.0,37.466769,126.65666599999999
1811,동인천,1,160,1811,418562.0,1103812.0,37.475276,126.632802
1891,인천,SU,K264,1812,415080.0,1103977.0,37.476690999999995,126.61693600000001
1812,인천,1,161,1812,415080.0,1103977.0,37.476690999999995,126.61693600000001
1815,부개,1,151,1815,442407.0,1107372.0,37.488417999999996,126.74108999999999
1816,간석,1,155,1816,432214.0,1100821.0,37.464737,126.694181
1817,도원,1,159,1817,420742.0,1101893.0,37.468446,126.642706
2752,온수,7,750,1821,460825.0,1108360.0,37.492258,126.823388
1821,온수,1,145,1821,460825.0,1108360.0,37.492258,126.823388
1822,중동,1,149,1822,447750.0,1106820.0,37.486562,126.764843
1823,도화,1,157,1823,426550.0,1101115.0,37.46607,126.668672
1847,서울숲,B,K211,1847,509642.0,1122580.0,37.543617,127.044707
1848,압구정로데오,B,K212,1848,508842.0,1118080.0,37.527381,127.04053400000001
1814,소사,1,147,1814,454610.0,1105667.0,37.482753,126.79543999999999
4127,선정릉,9,927,1850,509542.0,1113380.0,37.510979999999996,127.04359299999999
1850,선정릉,B,K214,1850,509542.0,1113380.0,37.510979999999996,127.04359299999999
1851,가천대,B,K223,1851,527950.0,1096310.0,37.448605,127.126697
1852,태평,B,K224,1852,528172.0,1093737.0,37.440019,127.12770900000001
1853,모란,B,K225,1853,528402.0,1091947.0,37.43213,127.12908700000001
2827,모란,8,826,1853,528402.0,1091947.0,37.43213,127.12908700000001
1855,서현,B,K228,1855,527192.0,1078555.0,37.385126,127.12359199999999
1856,수내,B,K229,1856,525145.0,1076772.0,37.378454999999995,127.114322
4312,정자,S,D12,1857,523707.0,1073515.0,37.367059999999995,127.10810500000001
1857,정자,B,K230,1857,523707.0,1073515.0,37.367059999999995,127.10810500000001
1858,미금,B,K231,1858,523957.0,1068933.0,37.350077,127.10891000000001
1859,오리,B,K232,1859,524013.0,1065930.0,37.339824,127.108942
1502,이매,KK,K411,1860,528285.0,1081810.0,37.396104,127.12827
1860,이매,B,K227,1860,528285.0,1081810.0,37.396104,127.12827
1861,보정,B,K234,1861,523768.0,1058578.0,37.312752,127.10819599999999
1862,죽전,B,K233,1862,523610.0,1061899.0,37.324753,127.107395
1864,신갈,B,K236,1864,524500.0,1051200.0,37.286102,127.111313
4501,기흥,E,Y110,1865,525500.0,1048200.0,37.275619,127.115936
1865,기흥,B,K237,1865,525500.0,1048200.0,37.275619,127.115936
1866,상갈,B,K238,1866,524100.0,1044500.0,37.26181,127.108847
1867,청명,B,K239,1867,517500.0,1043900.0,37.259489,127.078934
1868,영통,B,K240,1868,515700.0,1041600.0,37.251568,127.071394
1869,망포,B,K241,1869,512500.0,1040000.0,37.245795,127.057353
1870,매탄권선,B,K242,1870,508800.0,1042000.0,37.252759000000005,127.040566
1871,수원시청,B,K243,1871,506500.0,1044700.0,37.261911,127.030736
1872,매교,B,K244,1872,503400.0,1045300.0,37.265481,127.01567800000001
1879,월곶,SU,K252,1879,442655.0,1080745.0,37.391769000000004,126.742699
1880,소래포구,SU,K253,1880,440955.0,1083045.0,37.40095,126.733522
1881,인천논현,SU,K254,1881,438355.0,1083045.0,37.400614000000004,126.72247800000001
1882,호구포,SU,K255,1882,435255.0,1083345.0,37.401637,126.708627
1883,남동인더스파크,SU,K256,1883,432555.0,1084945.0,37.407722,126.69521599999999
1885,연수,SU,K258,1885,428755.0,1087845.0,37.417804,126.67894
1886,송도,SU,K259,1886,424155.0,1090745.0,37.428514,126.657772
1890,신포,SU,K263,1890,,,37.468740000000004,126.623853
1901,방학,1,115,1901,509602.0,1157006.0,37.667503,127.044273
1902,도봉,1,114,1902,509890.0,1160207.0,37.679563,127.04559499999999
1903,도봉산,1,113,1903,510065.0,1163090.0,37.689313,127.046222
2712,도봉산,7,710,1903,510065.0,1163090.0,37.689313,127.046222
1904,망월사,1,112,1904,510207.0,1168925.0,37.709914000000005,127.047455
4602,회룡,U,U111,1905,510190.0,1172670.0,37.724846,127.04689499999999
1905,회룡,1,111,1905,510190.0,1172670.0,37.724846,127.04689499999999
1906,의정부,1,110,1906,509950.0,1176650.0,37.738415,127.04595800000001
1907,가능,1,109,1907,509550.0,1179510.0,37.748577000000004,127.04421299999998
1908,녹양,1,108,1908,509151.0,1182411.0,37.75938,127.04229199999999
1909,양주,1,107,1909,509651.0,1186511.0,37.774381,127.04470800000001
1910,덕계,1,106,1910,512355.0,1198910.0,37.818486,127.056486
1911,덕정,1,105,1911,513355.0,1205710.0,37.843188,127.061277
1912,지행,1,104,1912,512155.0,1219310.0,37.892334000000005,127.05571599999999
1913,동두천중앙,1,103,1913,512255.0,1222010.0,37.901885,127.056482
1914,보산,1,102,1914,512355.0,1225370.0,37.913702,127.057277
1915,동두천,1,101,1915,511905.0,1229110.0,37.927878,127.05479
1916,소요산,1,100,1916,513255.0,1235010.0,37.9481,127.061034
1951,원당,3,317,1951,465247.0,1153090.0,37.653324,126.84304099999999
1953,대곡,3,315,1953,458007.0,1147052.0,37.631626000000004,126.811024
1249,대곡,K,K322,1953,458007.0,1147052.0,37.631626000000004,126.811024
1954,백석,3,314,1954,453049.0,1150265.0,37.643114000000004,126.78787
1955,마두,3,313,1955,450765.0,1152723.0,37.652206,126.77762
1956,정발산,3,312,1956,449837.0,1154790.0,37.659477,126.77335900000001
1957,주엽,3,311,1957,447158.0,1157765.0,37.670072,126.761334
1958,대화,3,310,1958,444178.0,1159423.0,37.676087,126.747569
2511,방화,5,510,2511,458487.0,1132005.0,37.577446,126.81274099999999
2512,개화산,5,511,2512,457115.0,1130677.0,37.572399,126.80617099999999
4102,김포공항,9,902,2513,455957.0,1127820.0,37.562434,126.80105800000001
4207,김포공항,A,A05,2513,455957.0,1127820.0,37.562434,126.80105800000001
2513,김포공항,5,512,2513,455957.0,1127820.0,37.562434,126.80105800000001
2514,송정,5,513,2514,458327.0,1127585.0,37.561184000000004,126.811973
2515,마곡,5,514,2515,461137.0,1127285.0,37.560183,126.825448
2516,발산,5,515,2516,463930.0,1126865.0,37.558597999999996,126.837668
2517,우장산,5,516,2517,463575.0,1124075.0,37.548768,126.83631799999999
2518,화곡,5,517,2518,464647.0,1121977.0,37.541513,126.840461
2519,까치산,5,518,2519,466017.0,1119387.0,37.531768,126.84668300000001
260,까치산,2,234-4,2519,466017.0,1119387.0,37.531768,126.84668300000001
2520,신정,5,519,2520,467952.0,1117395.0,37.524997,126.856191
2521,목동,5,520,2521,469885.0,1117862.0,37.526065,126.864931
2522,오목교,5,521,2522,472327.0,1117257.0,37.524496,126.87518100000001
2523,양평,5,522,2523,474744.0,1117620.0,37.525648,126.885778
2527,여의도,5,526,2527,483100.0,1116530.0,37.521623999999996,126.924191
4115,여의도,9,915,2527,483100.0,1116530.0,37.521623999999996,126.924191
2528,여의나루,5,527,2528,485020.0,1118070.0,37.527097999999995,126.932901
2529,마포,5,528,2529,487855.0,1121387.0,37.539574,126.94593200000001
1292,공덕,A,A02,2530,489187.0,1122797.0,37.544018,126.95159199999999
1262,공덕,K,K312,2530,489187.0,1122797.0,37.544018,126.95159199999999
2627,공덕,6,626,2530,489187.0,1122797.0,37.544018,126.95159199999999
2530,공덕,5,529,2530,489187.0,1122797.0,37.544018,126.95159199999999
2531,애오개,5,530,2531,490233.0,1125313.0,37.553736,126.95682
2533,서대문,5,532,2533,492467.0,1128777.0,37.565773,126.966641
2534,광화문,5,533,2534,494520.0,1130442.0,37.571026,126.976669
2635,청구,6,634,2538,502872.0,1127150.0,37.560245,127.013828
2538,청구,5,537,2538,502872.0,1127150.0,37.560245,127.013828
2539,신금호,5,538,2539,504357.0,1125662.0,37.554548,127.020331
2540,행당,5,539,2540,506397.0,1126405.0,37.557322,127.029476
2542,마장,5,541,2542,509362.0,1128847.0,37.5661,127.042973
2543,답십리,5,542,2543,511330.0,1129032.0,37.566747,127.052704
2544,장한평,5,543,2544,513985.0,1127595.0,37.561440000000005,127.064623
2727,군자,7,725,2545,517395.0,1126285.0,37.557121,127.07954199999999
2545,군자,5,544,2545,517395.0,1126285.0,37.557121,127.07954199999999
2546,아차산,5,545,2546,519537.0,1125055.0,37.551691,127.08976100000001
2547,광나루,5,546,2547,522710.0,1123015.0,37.545303000000004,127.10356999999999
2812,천호,8,811,2548,527042.0,1121095.0,37.538396999999996,127.123572
2548,천호,5,547,2548,527042.0,1121095.0,37.538396999999996,127.123572
2549,강동,5,548,2549,529040.0,1120490.0,37.535804,127.132481
2550,길동,5,549,2550,530777.0,1121007.0,37.537801,127.140004
2551,굽은다리,5,550,2551,531440.0,1123127.0,37.545477000000005,127.142853
2552,명일,5,551,2552,531702.0,1124652.0,37.55137,127.143999
2553,고덕,5,552,2553,533850.0,1125845.0,37.555004,127.154151
2555,둔촌동,5,P549,2555,529927.0,1118215.0,37.527788,127.136248
2556,올림픽공원,5,P550,2556,528797.0,1115072.0,37.516078,127.130848
2557,방이,5,P551,2557,527705.0,1112922.0,37.508857,127.12613300000001
2558,오금,5,P552,2558,528137.0,1111147.0,37.502162,127.128111
342,오금,3,352,2558,528137.0,1111147.0,37.502162,127.128111
2559,개롱,5,P553,2559,529600.0,1110007.0,37.498079,127.13481999999999
2560,거여,5,P554,2560,531620.0,1108740.0,37.493105,127.14415
2561,마천,5,P555,2561,533682.0,1109147.0,37.49499,127.152781
2611,응암,6,610,2611,481137.0,1137787.0,37.598605,126.915577
2612,역촌,6,611,2612,482885.0,1139980.0,37.606021000000005,126.922744
2614,독바위,6,613,2614,485010.0,1143355.0,37.618456,126.933031
2616,구산,6,615,2616,481445.0,1141345.0,37.611377000000005,126.91727
2617,새절,6,616,2617,480680.0,1135812.0,37.591148,126.913629
2618,증산,6,617,2618,479815.0,1133702.0,37.583876000000004,126.909645
1294,디지털미디어시티,A,A04,2619,477750.0,1131825.0,37.576646000000004,126.90098400000001
2619,디지털미디어시티,6,618,2619,477750.0,1131825.0,37.576646000000004,126.90098400000001
1266,디지털미디어시티,K,K316,2619,477750.0,1131825.0,37.576646000000004,126.90098400000001
2620,월드컵경기장,6,619,2620,477497.0,1129932.0,37.569532,126.899298
2621,마포구청,6,620,2621,478397.0,1128185.0,37.563515,126.90334299999999
2622,망원,6,621,2622,479897.0,1125917.0,37.556094,126.91005200000001
2624,상수,6,623,2624,482785.0,1123665.0,37.547715999999994,126.922852
2625,광흥창,6,624,2625,484776.0,1123677.0,37.547456,126.93199299999999
2626,대흥,6,625,2626,487020.0,1123710.0,37.547771000000004,126.94206899999999
1261,효창공원앞,K,K826,2628,491425.0,1121402.0,37.539260999999996,126.96135100000001
2628,효창공원앞,6,627,2628,491425.0,1121402.0,37.539260999999996,126.96135100000001
2630,녹사평,6,629,2630,496899.0,1120133.0,37.534675,126.986695
2631,이태원,6,630,2631,498620.0,1120045.0,37.534488,126.994302
2632,한강진,6,631,2632,500155.0,1121477.0,37.539631,127.001725
2633,버티고개,6,632,2633,501220.0,1123845.0,37.548013,127.00705500000001
2638,창신,6,637,2638,503160.0,1132590.0,37.579661,127.01524099999999
4712,보문,UI,952,2639,504065.0,1134217.0,37.585285999999996,127.01938100000001
2639,보문,6,638,2639,504065.0,1134217.0,37.585285999999996,127.01938100000001
2640,안암,6,639,2640,506240.0,1134387.0,37.586271999999994,127.029005
2641,고려대,6,640,2641,507807.0,1135480.0,37.590508,127.036296
2642,월곡,6,641,2642,508970.0,1138772.0,37.601948,127.041518
2643,상월곡,6,642,2643,510502.0,1140015.0,37.606377,127.048491
2644,돌곶이,6,643,2644,512415.0,1141217.0,37.610537,127.056431
2719,태릉입구,7,717,2646,516430.0,1143262.0,37.617983,127.07512
2646,태릉입구,6,645,2646,516430.0,1143262.0,37.617983,127.07512
2647,화랑대,6,646,2647,518457.0,1143835.0,37.620064,127.08468899999998
2648,봉화산,6,647,2648,520005.0,1143042.0,37.617283,127.091401
2711,장암,7,709,2711,511532.0,1165895.0,37.700109000000005,127.053196
2713,수락산,7,711,2713,512022.0,1159800.0,37.67785,127.055315
2714,마들,7,712,2714,512587.0,1156285.0,37.66494,127.057675
2716,중계,7,714,2716,514005.0,1150745.0,37.644583000000004,127.06430300000001
2717,하계,7,715,2717,514942.0,1148310.0,37.636352,127.06799
2720,먹골,7,718,2720,516982.0,1141245.0,37.610637,127.077725
2721,중화,7,719,2721,517345.0,1138885.0,37.602545,127.079264
2722,상봉,7,720,2722,518665.0,1137145.0,37.596362,127.08503200000001
1202,상봉,K,K120,2722,518665.0,1137145.0,37.596362,127.08503200000001
1309,상봉,G,P120,2722,518665.0,1137145.0,37.596362,127.08503200000001
2723,면목,7,721,2723,519095.0,1135127.0,37.588578999999996,127.087503
2724,사가정,7,722,2724,519355.0,1132955.0,37.580894,127.08847800000001
2725,용마산,7,723,2725,519027.0,1131010.0,37.573646999999994,127.086727
2726,중곡,7,724,2726,518432.0,1128785.0,37.565923,127.08431999999999
2728,어린이대공원,7,726,2728,516326.0,1123811.0,37.548014,127.07465800000001
2730,뚝섬유원지,7,728,2730,514630.0,1119362.0,37.53154,127.066704
2731,청담,7,729,2731,511695.0,1115877.0,37.519365,127.05335
1849,강남구청,B,K213,2732,508965.0,1115207.0,37.517185999999995,127.04128
2732,강남구청,7,730,2732,508965.0,1115207.0,37.517185999999995,127.04128
2733,학동,7,731,2733,506875.0,1114372.0,37.514229,127.03165600000001
2734,논현,7,732,2734,504607.0,1113585.0,37.511093,127.02141499999999
2735,반포,7,733,2735,502410.0,1112792.0,37.508178,127.01172700000001
2737,내방,7,735,2737,498380.0,1107067.0,37.487618,126.993513
2739,남성,7,737,2739,493425.0,1106212.0,37.484596,126.971251
2740,숭실대입구,7,738,2740,489665.0,1109427.0,37.496029,126.953822
2742,장승배기,7,740,2742,486295.0,1111810.0,37.504898,126.93915
2743,신대방삼거리,7,741,2743,483905.0,1110495.0,37.499701,126.928276
2744,보라매,7,742,2744,482252.0,1110542.0,37.499871999999996,126.920428
2745,신풍,7,743,2745,479802.0,1110590.0,37.50008,126.90993
2747,남구로,7,745,2747,474900.0,1106587.0,37.486056,126.887249
2749,철산,7,747,2749,470762.0,1103950.0,37.47605,126.867911
2750,광명사거리,7,748,2750,467782.0,1104757.0,37.479252,126.854876
2751,천왕,7,749,2751,464220.0,1106935.0,37.486637,126.83871299999998
2753,까치울,7,751,2753,458020.0,1112272.0,37.506207,126.81093899999999
2754,부천종합운동장,7,752,2754,455120.0,1111972.0,37.50538,126.79733700000001
2755,춘의,7,753,2755,452720.0,1111572.0,37.503663,126.78703600000001
2756,신중동,7,754,2756,450320.0,1111472.0,37.503048,126.77596000000001
2757,부천시청,7,755,2757,447620.0,1111872.0,37.504630999999996,126.76353799999998
2758,상동,7,756,2758,445320.0,1112172.0,37.505781,126.753083
2759,삼산체육관,7,757,2759,442720.0,1112472.0,37.506411,126.742153
2760,굴포천,7,758,2760,440720.0,1112472.0,37.506997,126.73128
2811,암사,8,810,2811,528032.0,1124410.0,37.55021,127.12756200000001
2813,강동구청,8,812,2813,526464.0,1118973.0,37.530341,127.120508
2814,몽촌토성,8,813,2814,524665.0,1115335.0,37.517409,127.11235900000001
2816,석촌,8,815,2816,523577.0,1112057.0,37.505431,127.10697900000001
2817,송파,8,816,2817,524542.0,1110377.0,37.499703000000004,127.112183
2818,가락시장,8,817,2818,525992.0,1108579.0,37.492521999999994,127.11823400000002
340,가락시장,3,350,2818,525992.0,1108579.0,37.492521999999994,127.11823400000002
2819,문정,8,818,2819,526900.0,1106552.0,37.485855,127.1225
2820,장지,8,819,2820,527750.0,1104572.0,37.478703,127.12619099999999
2822,산성,8,821,2822,532892.0,1098445.0,37.457122,127.14990800000001
2823,남한산성입구,8,822,2823,535225.0,1097102.0,37.451535,127.15981599999999
2824,단대오거리,8,823,2824,534430.0,1095327.0,37.445209999999996,127.156866
2825,신흥,8,824,2825,532420.0,1094155.0,37.440917999999996,127.14756399999999
2826,수진,8,825,2826,530897.0,1093162.0,37.437428000000004,127.140722
4208,계양,A,A06,3110,441522.0,1130440.0,37.571462,126.73563700000001
3110,계양,I,I110,3110,441522.0,1130440.0,37.571462,126.73563700000001
3111,귤현,I,I111,3111,442922.0,1128840.0,37.566379,126.742654
3113,임학,I,I113,3113,442125.0,1123022.0,37.545059,126.738665
3114,계산,I,I114,3114,439762.0,1122675.0,37.543238,126.728128
3115,경인교대입구,I,I115,3115,438555.0,1121145.0,37.538157,126.722597
3116,작전,I,I116,3116,438570.0,1119005.0,37.530415000000005,126.722527
3117,갈산,I,I117,3117,438274.0,1115301.0,37.517268,126.72151399999998
3118,부평구청,I,I118,3118,438020.0,1112972.0,37.508336,126.720548
2761,부평구청,7,759,3118,438020.0,1112972.0,37.508336,126.720548
3119,부평시장,I,I119,3119,438337.0,1110062.0,37.498383000000004,126.72224399999999
3121,동수,I,I121,3121,437695.0,1106492.0,37.485312,126.71824699999999
3122,부평삼거리,I,I122,3122,435765.0,1104420.0,37.477678999999995,126.71020800000001
3123,간석오거리,I,I123,3123,435212.0,1101395.0,37.467048,126.70793799999998
3221,인천시청,I2,I221,3124,433955.0,1098822.0,37.457405,126.702221
3124,인천시청,I,I124,3124,433955.0,1098822.0,37.457405,126.702221
3125,예술회관,I,I125,3125,433617.0,1096297.0,37.449396,126.701012
3126,인천터미널,I,I126,3126,433307.0,1094520.0,37.442383,126.699706
3127,문학경기장,I,I127,3127,433030.0,1092422.0,37.434934999999996,126.69857900000001
3128,선학,I,I128,3128,433222.0,1090365.0,37.426684,126.69886299999999
3129,신연수,I,I129,3129,432092.0,1087825.0,37.418040000000005,126.693863
3130,원인재,I,I130,3130,430747.0,1086298.0,37.412603000000004,126.687389
1884,원인재,SU,K257,3130,430747.0,1086298.0,37.412603000000004,126.687389
3131,동춘,I,I131,3131,429241.0,1084081.0,37.404737,126.68101499999999
3132,동막,I,I132,3132,427474.0,1082340.0,37.397878000000006,126.67400500000001
3133,캠퍼스타운,I,I133,3133,425000.0,1079640.0,37.387855,126.661673
3134,테크노파크,I,I134,3134,423720.0,1077970.0,37.382267999999996,126.656365
3135,지식정보단지,I,I135,3135,421500.0,1076640.0,37.378384000000004,126.645168
3136,인천대입구,I,I136,3136,420000.0,1079040.0,37.386007,126.63948400000001
3201,검단오류,I2,I201,3201,,,37.594877000000004,126.627178
3202,왕길,I2,I202,3202,,,37.59518,126.642696
3203,검단사거리,I2,I203,3203,,,37.60185,126.65710800000001
3204,마전,I2,I204,3204,,,37.597566,126.66699799999999
3206,독정,I2,I206,3206,,,37.585212,126.675844
3208,검바위,I2,I208,3208,,,37.561405,126.67756599999998
3209,아시아드경기장,I2,I209,3209,,,37.5517,126.677122
3210,서구청,I2,I210,3210,,,37.543742,126.676787
3211,가정,I2,I211,3211,,,37.524649,126.67553899999999
3212,가정중앙시장,I2,I212,3212,,,37.517053999999995,126.676672
3213,석남,I2,I213,3213,,,37.506192999999996,126.676203
3214,서부여성회관,I2,I214,3214,,,37.506192999999996,126.676203
3215,인천가좌,I2,I215,3215,,,37.4897,126.67520800000001
3216,가재울,I2,I216,3216,,,37.484192,126.683673
3217,주안국가산단,I2,I217,3217,,,37.473703,126.68113000000001
3219,시민공원,I2,I219,3219,,,37.458335,126.681192
3222,석천사거리,I2,I222,3222,,,37.456804999999996,126.70998600000001
3223,모래내시장,I2,I223,3223,,,37.45583,126.719298
3224,만수,I2,I224,3224,,,37.454910999999996,126.73209399999999
3225,남동구청,I2,I225,3225,,,37.448161,126.73693899999999
3226,인천대공원,I2,I226,3226,,,37.448769,126.752618
3227,운연,I2,I227,3227,,,37.440127000000004,126.75997
4101,개화,9,901,4101,455020.0,1132300.0,37.578608,126.798153
4103,공항시장,9,903,4103,458100.0,1128200.0,37.563726,126.810678
4104,신방화,9,904,4104,459400.0,1129200.0,37.567532,126.816601
4105,마곡나루,9,905,4105,461700.0,1129100.0,37.567336,126.829497
4106,양천향교,9,906,4106,464880.0,1129370.0,37.568381,126.841333
4107,가양,9,907,4107,467700.0,1127500.0,37.561391,126.854456
4108,증미,9,908,4108,469000.0,1126600.0,37.557402,126.86193899999999
4109,등촌,9,909,4109,470000.0,1124700.0,37.550632,126.86568899999999
4110,염창,9,910,4110,472150.0,1123550.0,37.546935999999995,126.87491599999998
4111,신목동,9,911,4111,474030.0,1122700.0,37.544277,126.88308
4112,선유도,9,912,4112,476232.0,1121000.0,37.53802,126.893525
4114,국회의사당,9,914,4114,481632.0,1118278.0,37.528105,126.917874
4116,샛강,9,916,4116,483932.0,1115178.0,37.517274,126.928422
4118,노들,9,918,4118,489532.0,1114078.0,37.512887,126.953222
4119,흑석,9,919,4119,491832.0,1112978.0,37.50877,126.96370800000001
4121,구반포,9,921,4121,497032.0,1110978.0,37.501364,126.98733200000001
4122,신반포,9,922,4122,499032.0,1111478.0,37.503415000000004,126.995925
4124,사평,9,924,4124,503232.0,1111740.0,37.504205999999996,127.01525900000001
4125,신논현,9,925,4125,505392.0,1111790.0,37.504598,127.02506000000001
4126,언주,9,926,4126,507392.0,1112490.0,37.507287,127.033868
4128,삼성중앙,9,928,4128,511392.0,1113890.0,37.513011,127.05328200000001
4129,봉은사,9,929,4129,513192.0,1114390.0,37.514219,127.060245
3207,검암,I2,I207,4209,427682.0,1129830.0,37.569103999999996,126.673728
4209,검암,A,A07,4209,427682.0,1129830.0,37.569103999999996,126.673728
4210,청라국제도시,A,A071,4210,416682.0,1126230.0,37.555878,126.625327
4211,운서,A,A08,4211,387922.0,1108780.0,37.492903999999996,126.49378999999999
4212,공항화물청사,A,A09,4212,384282.0,1099430.0,37.458366,126.47624099999999
4213,인천국제공항,A,A10,4213,378682.0,1096230.0,37.447464000000004,126.45250800000001
4217,영종,A,A072,4217,387922.0,1108780.0,37.511466,126.5237
4309,양재시민의숲,S,D9,4309,508350.0,1102150.0,37.470023,127.03842
4511,김량장,E,Y119,4511,543900.0,1037700.0,37.237246999999996,127.19878100000001
4512,운동장?송담대,E,Y120,4512,546300.0,1037800.0,37.237845,127.209198
4513,고진,E,Y121,4513,547400.0,1039700.0,37.24484,127.214251
4514,보평,E,Y123,4514,548400.0,1043700.0,37.258965,127.218457
4515,둔전,E,Y125,4515,547400.0,1045900.0,37.267051,127.21363999999998
4517,전대?에버랜드,E,Y126,4517,548800.0,1051000.0,37.285342,127.21956100000001
4601,발곡,U,U110,4601,511590.0,1173570.0,37.727047999999996,127.052803
4603,범골,U,U112,4603,509590.0,1174070.0,37.728755,127.04353
4604,경전철의정부,U,U113,4604,509590.0,1176320.0,37.737202,127.04325700000001
4605,의정부시청,U,U114,4605,507590.0,1176820.0,37.739256,127.03478100000001
4606,흥선,U,U115,4606,508090.0,1177950.0,37.743302,127.037023
4607,의정부중앙,U,U117,4607,510990.0,1178050.0,37.743676,127.04956499999999
4608,동오,U,U118,4608,512490.0,1178550.0,37.745271,127.056947
4609,새말,U,U119,4609,513990.0,1179480.0,37.748884999999994,127.06362
4610,경기도청북부청사,U,U120,4610,515700.0,1180050.0,37.75059,127.071495
4611,효자,U,U121,4611,517000.0,1180930.0,37.754025,127.076902
4612,곤제,U,U122,4612,518200.0,1179980.0,37.750471000000005,127.08371499999998
4613,어룡,U,U123,4613,518600.0,1177780.0,37.742802000000005,127.085035
4614,송산,U,U124,4614,519100.0,1176280.0,37.737279,127.08715900000001
4702,솔밭공원,UI,942,4702,,,,
4706,삼양,UI,946,4706,,,,
4707,삼양사거리,UI,947,4707,,,,
4708,솔샘,UI,948,4708,,,,
4709,북한산보국문,UI,949,4709,,,,
4710,정릉,UI,950,4710,,,,
4311,판교,S,D11,4311,524500.0,1081300.0,37.394760999999995,127.111217
1501,판교,KK,K410,4311,524500.0,1081300.0,37.394760999999995,127.111217
4314,동천,S,D14,4314,,,37.337928000000005,127.102976
4315,수지구청,S,D15,4315,,,37.322702,127.095026
4316,성복,S,D16,4316,,,37.313334999999995,127.0801
4317,상현,S,D17,4317,,,37.297664000000005,127.06934199999999
4318,광교중앙,S,D18,4318,,,37.288616999999995,127.051478
4319,광교,S,D19,4319,,,37.30211,127.04448300000001
4502,강남대,E,Y111,4502,527800.0,1046600.0,37.270161,127.126033
4503,지석,E,Y112,4503,530200.0,1046500.0,37.269606,127.13651499999999
4504,어정,E,Y113,4504,531700.0,1048000.0,37.274916999999995,127.14371399999999
4505,동백,E,Y114,4505,533700.0,1046500.0,37.269042999999996,127.152716
4506,초당,E,Y115,4506,535500.0,1044100.0,37.260752000000004,127.159443
4508,삼가,E,Y116,4508,537300.0,1039000.0,37.242115000000005,127.168075
4509,시청?용인대,E,Y117,4509,539500.0,1038300.0,37.239151,127.17840600000001
4510,명지대,E,Y118,4510,542100.0,1037900.0,37.237964,127.190294
